{
  "dataset": {
    "bytes": 14702029,
    "checksum_matches_expected": true,
    "exists": true,
    "path": "/Users/neelmac1/Documents/hw/project/project/data/higgs-activity_time.txt",
    "sha256": "6487c03bb5f0f966447a7a7410c5ba124f7ddf1b3d7ff9c3a94d20891214225b"
  },
  "git_commit": "0af31ad78631c78abeca3db28828103972586fb8",
  "notes": {},
  "outputs": {
    "figure": "/Users/neelmac1/Documents/hw/project/project/assets/higgs_window_validation.png",
    "selected_windows": [
      {
        "beta0": 2.8309960692821012,
        "end": 123,
        "gamma0": 0.597768753835219,
        "lambda0": 0.19999980112556143,
        "lambda_decay": 0.06237045386535118,
        "peak": 30602,
        "r2": 0.9513401278280483,
        "start": 76
      },
      {
        "beta0": 1.1644422213837238,
        "end": 151,
        "gamma0": 0.11932481086346963,
        "lambda0": 0.023258846407032515,
        "lambda_decay": 0.01093469285208291,
        "peak": 3033,
        "r2": 0.7170326416453205,
        "start": 104
      },
      {
        "beta0": 0.5823954478487726,
        "end": 167,
        "gamma0": 0.6279466386866653,
        "lambda0": 0.19530054474822908,
        "lambda_decay": 0.03495306427637272,
        "peak": 1498,
        "r2": 0.5833314547586241,
        "start": 120
      }
    ],
    "total_rows": 563069
  },
  "parameters": {
    "min_peak_count": 1000,
    "min_start_separation": 16,
    "n_windows": 3,
    "window_step": 4,
    "window_width": 48
  },
  "script": "higgs_window_validation",
  "solver": {},
  "timestamp_utc": "2026-03-29T09:40:15+00:00"
}